{"cameraMode":{"drawMode":0,"name":"Shaded","section":"Shading Mode"},"sceneLighting":true,"audioPlay":false,"sceneViewState":{"showFog":true,"showMaterialUpdate":false,"showSkybox":true,"showFlares":true,"showImageEffects":true,"showParticleSystems":true},"in2DMode":false,"pivot":{"x":696.7999877929688,"y":469.7262878417969,"z":0.0},"rotation":{"x":0.02824508398771286,"y":-0.9408361315727234,"z":0.08123734593391419,"w":0.32790786027908327},"size":1051.267333984375,"orthographic":false}